,Model Number,Accuracy,Sample Count
0,1,0.9884499907493591,256
1,2,0.9876000285148621,256
2,3,0.9876499772071838,256
3,4,0.9880499839782715,256
4,1,0.9882000088691711,512
5,2,0.9875666499137878,512
6,3,0.9876333475112915,512
7,4,0.9877333045005798,512
8,1,0.987975001335144,768
9,2,0.987625002861023,768
10,3,0.9876000285148621,768
11,4,0.9875500202178955,768
12,1,0.9879000186920166,1024
13,2,0.987779974937439,1024
14,3,0.9876999855041504,1024
15,4,0.9875800013542175,1024
16,1,0.9878000020980835,1280
17,2,0.9879500269889832,1280
18,3,0.9878333210945129,1280
19,4,0.9876333475112915,1280
20,1,0.9877856969833374,1536
21,2,0.9880714416503906,1536
22,3,0.9879999756813049,1536
23,4,0.9877428412437439,1536
24,1,0.9877374768257141,1792
25,2,0.988212525844574,1792
26,3,0.9881749749183655,1792
27,4,0.9878125190734863,1792
28,1,0.987666666507721,2048
29,2,0.9883555769920349,2048
30,3,0.9883555769920349,2048
31,4,0.9879222512245178,2048
32,1,0.9875500202178955,2304
33,2,0.9884700179100037,2304
34,3,0.9884799718856812,2304
35,4,0.9880200028419495,2304
36,1,0.9873818159103394,2560
37,2,0.9885272979736328,2560
38,3,0.9885363578796387,2560
39,4,0.9880727529525757,2560
40,1,0.9870166778564453,2816
41,2,0.9885416626930237,2816
42,3,0.9885416626930237,2816
43,4,0.9880916476249695,2816
44,1,0.9864000082015991,3072
45,2,0.9885692596435547,3072
46,3,0.9885384440422058,3072
47,4,0.9880538582801819,3072
48,1,0.9853714108467102,3328
49,2,0.9885357022285461,3328
50,3,0.9885143041610718,3328
51,4,0.9879999756813049,3328
52,1,0.9833400249481201,3584
53,2,0.9884533286094666,3584
54,3,0.9884333610534668,3584
55,4,0.9879466891288757,3584
56,1,0.9781625270843506,3840
57,2,0.9881937503814697,3840
58,3,0.9882624745368958,3840
59,4,0.9877437353134155,3840
60,1,0.9686353206634521,4096
61,2,0.9868058562278748,4096
62,3,0.9870588183403015,4096
63,4,0.9871059060096741,4096
64,1,0.9304111003875732,4352
65,2,0.9764944314956665,4352
66,3,0.9779055714607239,4352
67,4,0.9804666638374329,4352
68,1,0.8868526220321655,4608
69,2,0.9405999779701233,4608
70,3,0.9383684396743774,4608
71,4,0.9610421061515808,4608
72,1,0.8476499915122986,4864
73,2,0.929764986038208,4864
74,3,0.9144200086593628,4864
75,4,0.9340050220489502,4864
76,1,0.8121809363365173,5120
77,2,0.9019761681556702,5120
78,3,0.887238085269928,5120
79,4,0.904538094997406,5120
80,1,0.7799363732337952,5376
81,2,0.8797500133514404,5376
82,3,0.8601818084716797,5376
83,4,0.8741681575775146,5376
84,1,0.7504956722259521,5632
85,2,0.849152147769928,5632
86,3,0.8270434737205505,5632
87,4,0.8440912961959839,5632
88,1,0.723508358001709,5888
89,2,0.8179791569709778,5888
90,3,0.7968666553497314,5888
91,4,0.8129791617393494,5888
92,1,0.6986799836158752,6144
93,2,0.7899399995803833,6144
94,3,0.7688239812850952,6144
95,4,0.7845720052719116,6144
96,1,0.6757615208625793,6400
97,2,0.7632423043251038,6400
98,3,0.7429384589195251,6400
99,4,0.7581653594970703,6400
100,1,0.6545407176017761,6656
101,2,0.7387370467185974,6656
102,3,0.7190592885017395,6656
103,4,0.7337222099304199,6656
104,1,0.6348357200622559,6912
105,2,0.7160249948501587,6912
106,3,0.6970499753952026,6912
107,4,0.7111892700195312,6912
108,1,0.6164896488189697,7168
109,2,0.6948137879371643,7168
110,3,0.6764931082725525,7168
111,4,0.6901448369026184,7168
112,1,0.5993666648864746,7424
113,2,0.6749200224876404,7424
114,3,0.6573833227157593,7424
115,4,0.6705800294876099,7424
116,1,0.5833483934402466,7680
117,2,0.6564645171165466,7680
118,3,0.6394935250282288,7680
119,4,0.6526097059249878,7680
120,1,0.568331241607666,7936
121,2,0.6390187740325928,7936
122,3,0.6249406337738037,7936
123,4,0.6352593898773193,7936
124,1,0.5542242527008057,8192
125,2,0.6223575472831726,8192
126,3,0.6091181635856628,8192
127,4,0.6191242337226868,8192
128,1,0.5409470796585083,8448
129,2,0.6070235371589661,8448
130,3,0.5941705703735352,8448
131,4,0.603885293006897,8448
132,1,0.5284285545349121,8704
133,2,0.5924857258796692,8704
134,3,0.5799999833106995,8704
135,4,0.589568555355072,8704
136,1,0.5166055560112,8960
137,2,0.5791805386543274,8960
138,3,0.5665944218635559,8960
139,4,0.5759139060974121,8960
140,1,0.5054216384887695,9216
141,2,0.56630539894104,9216
142,3,0.5540594458580017,9216
143,4,0.5631378293037415,9216
144,1,0.4948263168334961,9472
145,2,0.5541079044342041,9472
146,3,0.5421842336654663,9472
147,4,0.550881564617157,9472
148,1,0.4847743511199951,9728
149,2,0.5421871542930603,9728
150,3,0.5305692553520203,9728
151,4,0.5396666526794434,9728
152,1,0.4752250015735626,9984
153,2,0.531202495098114,9984
154,3,0.5197399854660034,9984
155,4,0.5287449955940247,9984
156,1,0.4661414623260498,10240
157,2,0.5206365585327148,10240
158,3,0.5094000101089478,10240
159,4,0.5182390213012695,10240
160,1,0.457490473985672,10496
161,2,0.510688066482544,10496
162,3,0.4997190535068512,10496
163,4,0.5083571672439575,10496
164,1,0.44924184679985046,10752
165,2,0.5011604428291321,10752
166,3,0.4903627932071686,10752
167,4,0.49880000948905945,10752
168,1,0.4413681924343109,11008
169,2,0.49206364154815674,11008
170,3,0.48156362771987915,11008
171,4,0.48975682258605957,11008
172,1,0.4338444471359253,11264
173,2,0.48341333866119385,11264
174,3,0.47299110889434814,11264
175,4,0.48100221157073975,11264
176,1,0.426647812128067,11520
177,2,0.47484347224235535,11520
178,3,0.4648260772228241,11520
179,4,0.4726760983467102,11520
180,1,0.4197574555873871,11776
181,2,0.4669276475906372,11776
182,3,0.45712339878082275,11776
183,4,0.46480637788772583,11776
184,1,0.41315415501594543,12032
185,2,0.459241658449173,12032
186,3,0.4496416747570038,12032
187,4,0.45716458559036255,12032
188,1,0.4068204164505005,12288
189,2,0.45193061232566833,12288
190,3,0.4425632655620575,12288
191,4,0.44994083046913147,12288
192,1,0.40073999762535095,12544
193,2,0.4449099898338318,12544
194,3,0.4356600046157837,12544
195,4,0.44321200251579285,12544
196,1,0.39489802718162537,12800
197,2,0.4379352927207947,12800
198,3,0.42899608612060547,12800
199,4,0.43639999628067017,12800
200,1,0.389280766248703,13056
201,2,0.43149039149284363,13056
202,3,0.42272308468818665,13056
203,4,0.4299499988555908,13056
204,1,0.38387545943260193,13312
205,2,0.4252547025680542,13312
206,3,0.41659998893737793,13312
207,4,0.4237433969974518,13312
208,1,0.3786703646183014,13568
209,2,0.41924813389778137,13568
210,3,0.4106888771057129,13568
211,4,0.41799813508987427,13568
212,1,0.3736545443534851,13824
213,2,0.41340726613998413,13824
214,3,0.40509817004203796,13824
215,4,0.41226726770401,13824
216,1,0.36881786584854126,14080
217,2,0.40786072611808777,14080
218,3,0.39969998598098755,14080
219,4,0.40674108266830444,14080
220,1,0.36415088176727295,14336
221,2,0.4024280607700348,14336
222,3,0.39441052079200745,14336
223,4,0.4013754427433014,14336
224,1,0.3596448302268982,14592
225,2,0.3972620666027069,14592
226,3,0.3893827497959137,14592
227,4,0.3962275981903076,14592
228,1,0.3552915155887604,14848
229,2,0.3922711908817291,14848
230,3,0.3845254182815552,14848
231,4,0.3912610113620758,14848
232,1,0.35108333826065063,15104
233,2,0.38741666078567505,15104
234,3,0.37973999977111816,15104
235,4,0.3864233195781708,15104
236,1,0.34701311588287354,15360
237,2,0.38292622566223145,15360
238,3,0.3750852346420288,15360
239,4,0.38178032636642456,15360
240,1,0.3430742025375366,15616
241,2,0.3784080743789673,15616
242,3,0.37069353461265564,15616
243,4,0.37728065252304077,15616
244,1,0.3392603099346161,15872
245,2,0.37400317192077637,15872
246,3,0.3663301467895508,15872
247,4,0.37289366126060486,15872
248,1,0.33556562662124634,16128
249,2,0.36976563930511475,16128
250,3,0.36221250891685486,16128
251,4,0.3686734437942505,16128
252,1,0.33198460936546326,16384
253,2,0.3654492199420929,16384
254,3,0.35814768075942993,16384
255,4,0.3645092248916626,16384
256,1,0.32851213216781616,16640
257,2,0.361263632774353,16640
258,3,0.3541727364063263,16640
259,4,0.36043787002563477,16640
260,1,0.3251432776451111,16896
261,2,0.35740596055984497,16896
262,3,0.3503403067588806,16896
263,4,0.3565119504928589,16896
264,1,0.3218735158443451,17152
265,2,0.35366177558898926,17152
266,3,0.3467000126838684,17152
267,4,0.35278087854385376,17152
268,1,0.31869855523109436,17408
269,2,0.3499999940395355,17408
270,3,0.34309855103492737,17408
271,4,0.34913188219070435,17408
272,1,0.3156142830848694,17664
273,2,0.34646856784820557,17664
274,3,0.3396657109260559,17664
275,4,0.34561285376548767,17664
276,1,0.31261691451072693,17920
277,2,0.34284508228302,17920
278,3,0.336230993270874,17920
279,4,0.342094361782074,17920
280,1,0.3097027838230133,18176
281,2,0.33951109647750854,18176
282,3,0.332913875579834,18176
283,4,0.3387708365917206,18176
284,1,0.3068684935569763,18432
285,2,0.3362424671649933,18432
286,3,0.3296876847743988,18432
287,4,0.33551234006881714,18432
288,1,0.3041108250617981,18688
289,2,0.33308783173561096,18688
290,3,0.3266216218471527,18688
291,4,0.33251217007637024,18688
292,1,0.3014266788959503,18944
293,2,0.3300173282623291,18944
294,3,0.32363733649253845,18944
295,4,0.329449325799942,18944
296,1,0.2988131642341614,19200
297,2,0.32700395584106445,19200
298,3,0.3206605315208435,19200
299,4,0.32639604806900024,19200
300,1,0.2962675392627716,19456
301,2,0.32409220933914185,19456
302,3,0.3178311586380005,19456
303,4,0.3234921991825104,19456
304,1,0.2937871813774109,19712
305,2,0.32119616866111755,19712
306,3,0.31501537561416626,19712
307,4,0.32066795229911804,19712
308,1,0.29136961698532104,19968
309,2,0.31843164563179016,19968
310,3,0.31232911348342896,19968
311,4,0.3179101347923279,19968
312,1,0.28901249170303345,20224
313,2,0.3155662417411804,20224
314,3,0.3095400035381317,20224
315,4,0.31535500288009644,20224
316,1,0.286713570356369,20480
317,2,0.3129160404205322,20480
318,3,0.3069876432418823,20480
319,4,0.3127308785915375,20480
320,1,0.28447073698043823,20736
321,2,0.31033170223236084,20736
322,3,0.3044317066669464,20736
323,4,0.3101048767566681,20736
324,1,0.28228193521499634,20992
325,2,0.30777350068092346,20992
326,3,0.3019445836544037,20992
327,4,0.307549387216568,20992
328,1,0.28014522790908813,21248
329,2,0.30533334612846375,21248
330,3,0.2995738089084625,21248
331,4,0.3050904870033264,21248
332,1,0.27805882692337036,21504
333,2,0.3029294013977051,21504
334,3,0.29725882411003113,21504
335,4,0.30268940329551697,21504
336,1,0.27602094411849976,21760
337,2,0.30054885149002075,21760
338,3,0.2949441969394684,21760
339,4,0.30030232667922974,21760
340,1,0.2740298807621002,22016
341,2,0.29819539189338684,22016
342,3,0.29274022579193115,22016
343,4,0.29797011613845825,22016
344,1,0.2720840871334076,22272
345,2,0.295974999666214,22272
346,3,0.2905818223953247,22272
347,4,0.29575228691101074,22272
348,1,0.2701820135116577,22528
349,2,0.29378315806388855,22528
350,3,0.2884179651737213,22528
351,4,0.2935629189014435,22528
352,1,0.268322229385376,22784
353,2,0.2916611135005951,22784
354,3,0.2862955629825592,22784
355,4,0.2914433479309082,22784
356,1,0.26650330424308777,23040
357,2,0.2895857095718384,23040
358,3,0.28421977162361145,23040
359,4,0.28948789834976196,23040
360,1,0.26472392678260803,23296
361,2,0.28740760684013367,23296
362,3,0.28225216269493103,23296
363,4,0.2874586880207062,23296
364,1,0.2629827857017517,23552
365,2,0.28542259335517883,23552
366,3,0.2803225815296173,23552
367,4,0.285473108291626,23552
368,1,0.2612787187099457,23808
369,2,0.2834606468677521,23808
370,3,0.27838510274887085,23808
371,4,0.28353404998779297,23808
372,1,0.25961053371429443,24064
373,2,0.28155896067619324,24064
374,3,0.2765410542488098,24064
375,4,0.28163158893585205,24064
376,1,0.25797709822654724,24320
377,2,0.27969688177108765,24320
378,3,0.27473124861717224,24320
379,4,0.2797687351703644,24320
380,1,0.25637730956077576,24576
381,2,0.27782371640205383,24576
382,3,0.27291133999824524,24576
383,4,0.27789485454559326,24576
384,1,0.2548102140426636,24832
385,2,0.27614694833755493,24832
386,3,0.2711755037307739,24832
387,4,0.27621734142303467,24832
388,1,0.25327473878860474,25088
389,2,0.27439597249031067,25088
390,3,0.26947474479675293,25088
391,4,0.2744656503200531,25088
392,1,0.2517699897289276,25344
393,2,0.27263200283050537,25344
394,3,0.2677620053291321,25344
395,4,0.2727310061454773,25344
396,1,0.2502950429916382,25600
397,2,0.2709504961967468,25600
398,3,0.2661287188529968,25600
399,4,0.27104851603507996,25600
400,1,0.248849019408226,25856
401,2,0.2691686153411865,25856
402,3,0.2644588351249695,25856
403,4,0.26940295100212097,25856
404,1,0.24743106961250305,26112
405,2,0.267535924911499,26112
406,3,0.26284465193748474,26112
407,4,0.2677679657936096,26112
408,1,0.24604038894176483,26368
409,2,0.265951931476593,26368
410,3,0.2613057792186737,26368
411,4,0.26618173718452454,26368
412,1,0.24467618763446808,26624
413,2,0.26439809799194336,26624
414,3,0.2597962021827698,26624
415,4,0.26458001136779785,26624
416,1,0.2433377355337143,26880
417,2,0.2628735899925232,26880
418,3,0.2583150863647461,26880
419,4,0.2630537748336792,26880
420,1,0.24202430248260498,27136
421,2,0.26137757301330566,27136
422,3,0.2568112015724182,27136
423,4,0.2615056037902832,27136
424,1,0.24073518812656403,27392
425,2,0.2599092721939087,27392
426,3,0.2553351819515228,27392
427,4,0.25998610258102417,27392
428,1,0.2394697219133377,27648
429,2,0.2584678828716278,27648
430,3,0.2539357841014862,27648
431,4,0.25854402780532837,27648
432,1,0.23822727799415588,27904
433,2,0.25692909955978394,27904
434,3,0.25243818759918213,27904
435,4,0.25711092352867126,27904
436,1,0.23700720071792603,28160
437,2,0.25554054975509644,28160
438,3,0.25109007954597473,28160
439,4,0.25572073459625244,28160
440,1,0.23580892384052277,28416
441,2,0.2541767954826355,28416
442,3,0.2497696429491043,28416
443,4,0.25445088744163513,28416
444,1,0.23463185131549835,28672
445,2,0.2528371810913086,28672
446,3,0.2484690248966217,28672
447,4,0.2531088590621948,28672
448,1,0.2334754317998886,28928
449,2,0.2515052556991577,28928
450,3,0.24712982773780823,28928
451,4,0.2517903447151184,28928
452,1,0.23233912885189056,29184
453,2,0.25019651651382446,29184
454,3,0.2458278238773346,29184
455,4,0.2504478394985199,29184
456,1,0.23122242093086243,29440
457,2,0.2488086223602295,29440
458,3,0.24459826946258545,29440
459,4,0.2491784542798996,29440
460,1,0.23012478649616241,29696
461,2,0.24751965701580048,29696
462,3,0.2433401644229889,29696
463,4,0.24788632988929749,29696
464,1,0.22904576361179352,29952
465,2,0.2462771236896515,29952
466,3,0.24214915931224823,29952
467,4,0.24665677547454834,29952
468,1,0.22798487544059753,30208
469,2,0.24505630135536194,30208
470,3,0.2409781515598297,30208
471,4,0.2454327791929245,30208
472,1,0.22694166004657745,30464
473,2,0.2438708394765854,30464
474,3,0.23983000218868256,30464
475,4,0.24424749612808228,30464
476,1,0.22591570019721985,30720
477,2,0.24266694486141205,30720
478,3,0.23865950107574463,30720
479,4,0.24307851493358612,30720
480,1,0.2249065637588501,30976
481,2,0.241520494222641,30976
482,3,0.237545907497406,30976
483,4,0.2418893426656723,30976
484,1,0.22391381859779358,31232
485,2,0.24037723243236542,31232
486,3,0.23640650510787964,31232
487,4,0.24074308574199677,31232
488,1,0.22293709218502045,31488
489,2,0.2392677366733551,31488
490,3,0.2353290319442749,31488
491,4,0.23963063955307007,31488
492,1,0.22197599709033966,31744
493,2,0.23817600309848785,31744
494,3,0.23421280086040497,31744
495,4,0.23848000168800354,31744
496,1,0.22103016078472137,32000
497,2,0.23706349730491638,32000
498,3,0.2331317514181137,32000
499,4,0.23736508190631866,32000
500,1,0.22009921073913574,32256
501,2,0.23600630462169647,32256
502,3,0.23210866749286652,32256
503,4,0.23630866408348083,32256
504,1,0.2191828191280365,32512
505,2,0.2348593771457672,32512
506,3,0.23105624318122864,32512
507,4,0.23526562750339508,32512
508,1,0.2182806134223938,32768
509,2,0.23383565247058868,32768
510,3,0.23002015054225922,32768
511,4,0.23419690132141113,32768
512,1,0.21739231050014496,33024
513,2,0.23281385004520416,33024
514,3,0.22904153168201447,33024
515,4,0.23317231237888336,33024
516,1,0.21651755273342133,33280
517,2,0.23180687427520752,33280
518,3,0.22807785868644714,33280
519,4,0.23216259479522705,33280
520,1,0.21565605700016022,33536
521,2,0.23082955181598663,33536
522,3,0.2271287888288498,33536
523,4,0.23118257522583008,33536
524,1,0.21480752527713776,33792
525,2,0.2297646552324295,33792
526,3,0.22615939378738403,33792
527,4,0.23018120229244232,33792
528,1,0.21397164463996887,34048
529,2,0.2288171648979187,34048
530,3,0.22523880004882812,34048
531,4,0.229230597615242,34048
532,1,0.21314814686775208,34304
533,2,0.2278481423854828,34304
534,3,0.2242918461561203,34304
535,4,0.22825407981872559,34304
536,1,0.21233676373958588,34560
537,2,0.22687721252441406,34560
538,3,0.22334705293178558,34560
539,4,0.22733455896377563,34560
540,1,0.2115372270345688,34816
541,2,0.2259715348482132,34816
542,3,0.22241605818271637,34816
543,4,0.2265036553144455,34816
544,1,0.21074926853179932,35072
545,2,0.224980428814888,35072
546,3,0.22145073115825653,35072
547,4,0.2256072461605072,35072
548,1,0.20997266471385956,35328
549,2,0.22410143911838531,35328
550,3,0.22059711813926697,35328
551,4,0.22472374141216278,35328
552,1,0.20920714735984802,35584
553,2,0.22323499619960785,35584
554,3,0.21975570917129517,35584
555,4,0.22385285794734955,35584
556,1,0.2084524780511856,35840
557,2,0.22236809134483337,35840
558,3,0.21892908215522766,35840
559,4,0.2229815572500229,35840
560,1,0.2077084481716156,36096
561,2,0.22152605652809143,36096
562,3,0.21806196868419647,36096
563,4,0.22213521599769592,36096
564,1,0.2069748193025589,36352
565,2,0.22066223621368408,36352
566,3,0.2172587364912033,36352
567,4,0.22130349278450012,36352
568,1,0.2062513828277588,36608
569,2,0.21984374523162842,36608
570,3,0.21642638742923737,36608
571,4,0.2204805612564087,36608
572,1,0.20553793013095856,36864
573,2,0.2189427614212036,36864
574,3,0.21560551226139069,36864
575,4,0.21963173151016235,36864
576,1,0.2048342525959015,37120
577,2,0.21814726293087006,37120
578,3,0.2148328721523285,37120
579,4,0.21883150935173035,37120
580,1,0.20414014160633087,37376
581,2,0.21733129024505615,37376
582,3,0.21403945982456207,37376
583,4,0.21802924573421478,37376
584,1,0.20345540344715118,37632
585,2,0.21654459834098816,37632
586,3,0.2132878452539444,37632
587,4,0.21723851561546326,37632
588,1,0.2027798593044281,37888
589,2,0.21576912701129913,37888
590,3,0.21254630386829376,37888
591,4,0.21645839512348175,37888
592,1,0.2021133303642273,38144
593,2,0.21500332653522491,38144
594,3,0.2117680013179779,38144
595,4,0.21568800508975983,38144
596,1,0.20145562291145325,38400
597,2,0.21422848105430603,38400
598,3,0.21101456880569458,38400
599,4,0.21490861475467682,38400
600,1,0.20080657303333282,38656
601,2,0.2134953886270523,38656
602,3,0.21030525863170624,38656
603,4,0.21417368948459625,38656
604,1,0.2001660168170929,38912
605,2,0.21268300712108612,38912
606,3,0.20955686271190643,38912
607,4,0.2134000062942505,38912
608,1,0.19953376054763794,39168
609,2,0.21195779740810394,39168
610,3,0.20883376896381378,39168
611,4,0.21267013251781464,39168
612,1,0.1989096701145172,39424
613,2,0.21116580069065094,39424
614,3,0.20814967155456543,39424
615,4,0.2120303213596344,39424
616,1,0.19829359650611877,39680
617,2,0.21047115325927734,39680
618,3,0.20747436583042145,39680
619,4,0.2113301306962967,39680
620,1,0.1976853460073471,39936
621,2,0.20975477993488312,39936
622,3,0.20677706599235535,39936
623,4,0.21060827374458313,39936
624,1,0.19708481431007385,40192
625,2,0.209077849984169,40192
626,3,0.20611898601055145,40192
627,4,0.20992594957351685,40192
628,1,0.19649182260036469,40448
629,2,0.20840942859649658,40448
630,3,0.20542515814304352,40448
631,4,0.2092081755399704,40448
632,1,0.19590625166893005,40704
633,2,0.2077493816614151,40704
634,3,0.20478375256061554,40704
635,4,0.20860999822616577,40704
636,1,0.19532795250415802,40960
637,2,0.2070857137441635,40960
638,3,0.20415279269218445,40960
639,4,0.2079409956932068,40960
640,1,0.19475679099559784,41216
641,2,0.2064419686794281,41216
642,3,0.20352716743946075,41216
643,4,0.20729197561740875,41216
644,1,0.19419263303279877,41472
645,2,0.20579509437084198,41472
646,3,0.20288097858428955,41472
647,4,0.2066398710012436,41472
648,1,0.19363535940647125,41728
649,2,0.20508414506912231,41728
650,3,0.20222805440425873,41728
651,4,0.20596402883529663,41728
652,1,0.19308485090732574,41984
653,2,0.20446424186229706,41984
654,3,0.20159272849559784,41984
655,4,0.2053060531616211,41984
656,1,0.1925409585237503,42240
657,2,0.20385180413722992,42240
658,3,0.20099759101867676,42240
659,4,0.20465964078903198,42240
660,1,0.19200359284877777,42496
661,2,0.20321796834468842,42496
662,3,0.20040957629680634,42496
663,4,0.20402096211910248,42496
664,1,0.1914726197719574,42752
665,2,0.2025928497314453,42752
666,3,0.19983094930648804,42752
667,4,0.20342083275318146,42752
668,1,0.19094793498516083,43008
669,2,0.2020023614168167,43008
670,3,0.19922485947608948,43008
671,4,0.20279349386692047,43008
672,1,0.19042940437793732,43264
673,2,0.20141881704330444,43264
674,3,0.19865764677524567,43264
675,4,0.20220530033111572,43264
676,1,0.1899169534444809,43520
677,2,0.20083099603652954,43520
678,3,0.1980970799922943,43520
679,4,0.20161285996437073,43520
680,1,0.18941046297550201,43776
681,2,0.20032325387001038,43776
682,3,0.19754302501678467,43776
683,4,0.20110058784484863,43776
684,1,0.18890982866287231,44032
685,2,0.19975954294204712,44032
686,3,0.19696877896785736,44032
687,4,0.20053237676620483,44032
688,1,0.18841494619846344,44288
689,2,0.19912414252758026,44288
690,3,0.19642987847328186,44288
691,4,0.1999729871749878,44288
692,1,0.18792571127414703,44544
693,2,0.19854742288589478,44544
694,3,0.1958685666322708,44544
695,4,0.1993868499994278,44544
696,1,0.18744204938411713,44800
697,2,0.19800341129302979,44800
698,3,0.19533976912498474,44800
699,4,0.19883807003498077,44800
700,1,0.18696384131908417,45056
701,2,0.19746553897857666,45056
702,3,0.1947864443063736,45056
703,4,0.1982954740524292,45056
704,1,0.1864910125732422,45312
705,2,0.19692359864711761,45312
706,3,0.19423933327198029,45312
707,4,0.19774886965751648,45312
708,1,0.18602345883846283,45568
709,2,0.19639776647090912,45568
710,3,0.1937284916639328,45568
711,4,0.19721843302249908,45568
712,1,0.18556110560894012,45824
713,2,0.1958022266626358,45824
714,3,0.19314777851104736,45824
715,4,0.19669388234615326,45824
716,1,0.1851038634777069,46080
717,2,0.19528840482234955,46080
718,3,0.19262319803237915,46080
719,4,0.19617514312267303,46080
720,1,0.18465164303779602,46336
721,2,0.19475384056568146,46336
722,3,0.1921318620443344,46336
723,4,0.19566428661346436,46336
724,1,0.1842043697834015,46592
725,2,0.19424152374267578,46592
726,3,0.19161421060562134,46592
727,4,0.19514699280261993,46592
728,1,0.18376195430755615,46848
729,2,0.19374457001686096,46848
730,3,0.19113151729106903,46848
731,4,0.19464510679244995,46848
732,1,0.18332432210445404,47104
733,2,0.1932281106710434,47104
734,3,0.19062918424606323,47104
735,4,0.19411081075668335,47104
736,1,0.18289139866828918,47360
737,2,0.19273172318935394,47360
738,3,0.19011935591697693,47360
739,4,0.19360968470573425,47360
740,1,0.18246309459209442,47616
741,2,0.1922508031129837,47616
742,3,0.18965241312980652,47616
743,4,0.19309839606285095,47616
744,1,0.18203936517238617,47872
745,2,0.19177499413490295,47872
746,3,0.18916170299053192,47872
747,4,0.19258935749530792,47872
748,1,0.18162010610103607,48128
749,2,0.19129471480846405,48128
750,3,0.1887068748474121,48128
751,4,0.1921164095401764,48128
752,1,0.18120525777339935,48384
753,2,0.19082894921302795,48384
754,3,0.18825474381446838,48384
755,4,0.19164632260799408,48384
756,1,0.18079476058483124,48640
757,2,0.19035863876342773,48640
758,3,0.18778324127197266,48640
759,4,0.19117172062397003,48640
760,1,0.18038854002952576,48896
761,2,0.18983176350593567,48896
762,3,0.1873406320810318,48896
763,4,0.19068333506584167,48896
764,1,0.17998652160167694,49152
765,2,0.18931035697460175,49152
766,3,0.18690259754657745,49152
767,4,0.19022798538208008,49152
768,1,0.1795886605978012,49408
769,2,0.18883968889713287,49408
770,3,0.18644432723522186,49408
771,4,0.18975257873535156,49408
772,1,0.1791948676109314,49664
773,2,0.18838922679424286,49664
774,3,0.18601538240909576,49664
775,4,0.1893615424633026,49664
776,1,0.17880509793758392,49920
777,2,0.18795254826545715,49920
778,3,0.18556326627731323,49920
779,4,0.18889234960079193,49920
780,1,0.178419291973114,50176
781,2,0.18752031028270721,50176
782,3,0.18514518439769745,50176
783,4,0.18845735490322113,50176
784,1,0.1780373752117157,50432
785,2,0.18709242343902588,50432
786,3,0.18472929298877716,50432
787,4,0.18802474439144135,50432
788,1,0.1776593029499054,50688
789,2,0.1866457313299179,50688
790,3,0.18429447710514069,50688
791,4,0.1875869333744049,50688
792,1,0.17728500068187714,50944
793,2,0.18615849316120148,50944
794,3,0.1838189959526062,50944
795,4,0.18715399503707886,50944
796,1,0.17691442370414734,51200
797,2,0.1857437789440155,51200
798,3,0.18338905274868011,51200
799,4,0.18670746684074402,51200
800,1,0.17654752731323242,51456
801,2,0.18533316254615784,51456
802,3,0.18299010396003723,51456
803,4,0.18629208207130432,51456
804,1,0.17618423700332642,51712
805,2,0.18497930467128754,51712
806,3,0.18256059288978577,51712
807,4,0.18593350052833557,51712
808,1,0.17582450807094574,51968
809,2,0.18457646667957306,51968
810,3,0.18213529884815216,51968
811,4,0.18552598357200623,51968
812,1,0.1754682958126068,52224
813,2,0.18411122262477875,52224
814,3,0.18168194591999054,52224
815,4,0.18512244522571564,52224
816,1,0.17511554062366486,52480
817,2,0.18370777368545532,52480
818,3,0.18130096793174744,52480
819,4,0.18471407890319824,52480
820,1,0.1747661828994751,52736
821,2,0.1833169013261795,52736
822,3,0.18089565634727478,52736
823,4,0.18431836366653442,52736
824,1,0.17442019283771515,52992
825,2,0.1829206794500351,52992
826,3,0.1805221140384674,52992
827,4,0.18392837047576904,52992
828,1,0.17407751083374023,53248
829,2,0.18253731727600098,53248
830,3,0.18015024065971375,53248
831,4,0.1835401952266693,53248
832,1,0.17373809218406677,53504
833,2,0.1821357160806656,53504
834,3,0.17975619435310364,53504
835,4,0.18312999606132507,53504
836,1,0.17340189218521118,53760
837,2,0.1818104237318039,53760
838,3,0.17939147353172302,53760
839,4,0.18279999494552612,53760
840,1,0.17306886613368988,54016
841,2,0.18141509592533112,54016
842,3,0.17903019487857819,54016
843,4,0.18240000307559967,54016
844,1,0.1727389693260193,54272
845,2,0.1810460090637207,54272
846,3,0.17867229878902435,54272
847,4,0.18202629685401917,54272
848,1,0.17241214215755463,54528
849,2,0.18067149817943573,54528
850,3,0.1782962679862976,54528
851,4,0.1816471964120865,54528
852,1,0.1720883697271347,54784
853,2,0.18030093610286713,54784
854,3,0.1779451221227646,54784
855,4,0.18127208948135376,54784
856,1,0.17176759243011475,55040
857,2,0.17987917363643646,55040
858,3,0.17757593095302582,55040
859,4,0.18090879917144775,55040
860,1,0.17144976556301117,55296
861,2,0.17952395975589752,55296
862,3,0.1772313416004181,55296
863,4,0.18054884672164917,55296
864,1,0.1711348593235016,55552
865,2,0.17917202413082123,55552
866,3,0.17688991129398346,55552
867,4,0.1801701784133911,55552
868,1,0.17082282900810242,55808
869,2,0.1788150668144226,55808
870,3,0.17651963233947754,55808
871,4,0.1798657476902008,55808
872,1,0.17051362991333008,56064
873,2,0.17846953868865967,56064
874,3,0.17615999281406403,56064
875,4,0.17949090898036957,56064
876,1,0.17020724713802338,56320
877,2,0.17812715470790863,56320
878,3,0.17579637467861176,56320
879,4,0.17919230461120605,56320
880,1,0.16990360617637634,56576
881,2,0.17777973413467407,56576
882,3,0.17546936869621277,56576
883,4,0.17884008586406708,56576
884,1,0.16960269212722778,56832
885,2,0.17738251388072968,56832
886,3,0.17512287199497223,56832
887,4,0.17849910259246826,56832
888,1,0.16930446028709412,57088
889,2,0.17698884010314941,57088
890,3,0.1748017817735672,57088
891,4,0.17816294729709625,57088
892,1,0.16900889575481415,57344
893,2,0.17665910720825195,57344
894,3,0.17448177933692932,57344
895,4,0.17782799899578094,57344
896,1,0.1687159240245819,57600
897,2,0.17637965083122253,57600
898,3,0.17414425313472748,57600
899,4,0.17754335701465607,57600
900,1,0.1684255450963974,57856
901,2,0.17604713141918182,57856
902,3,0.17382995784282684,57856
903,4,0.17720617353916168,57856
904,1,0.16813771426677704,58112
905,2,0.17572587728500366,58112
906,3,0.17351841926574707,58112
907,4,0.17687982320785522,58112
908,1,0.16785240173339844,58368
909,2,0.1753864586353302,58368
910,3,0.1731860190629959,58368
911,4,0.17653536796569824,58368
912,1,0.16756956279277802,58624
913,2,0.1750117391347885,58624
914,3,0.17288173735141754,58624
915,4,0.17621652781963348,58624
916,1,0.16728918254375458,58880
917,2,0.17469912767410278,58880
918,3,0.1725783497095108,58880
919,4,0.1758987009525299,58880
920,1,0.16701120138168335,59136
921,2,0.17438922822475433,59136
922,3,0.17227758467197418,59136
923,4,0.175583615899086,59136
924,1,0.16673561930656433,59392
925,2,0.1740235984325409,59392
926,3,0.1719210296869278,59392
927,4,0.17526309192180634,59392
928,1,0.16646239161491394,59648
929,2,0.17371922731399536,59648
930,3,0.17162564396858215,59648
931,4,0.1749534159898758,59648
932,1,0.1661914885044098,59904
933,2,0.17340978980064392,59904
934,3,0.17131319642066956,59904
935,4,0.17463871836662292,59904
